Category,Name,Style,ABV,Origin
Drafts,Coors Light,Lager,4.2,"Golden, CO"
Drafts,Hellbent IPA,IPA,6.6,"Seattle, WA"
Drafts,Mac & Jack's African Amber,Amber Ale,5.8,"Seattle, WA"
Domestics,Founders Breakfast Stout,Imperial Stout,8.3,"Grand Rapids, MI"
Domestics,Founders Porter,Porter,6.5,"Grand Rapids, MI"
Domestics,Miller High Life,Lager,4.6,"Milwaukee, WI"
Domestics,Miller High Life Pony,Lager,4.6,"Milwaukee, WI"
Domestics,Miller Lite,Lager,4.2,"Milwaukee, WI"
Domestics,Pabst Blue Ribbon,Lager,4.8,"Milwaukee, WI"
Domestics,Rainier,Lager,4.6,"Golden, CO"
Imports,Corona,Lager,4.5,"Mexico City, Mexico"
Imports,Coronita,Lager,4.5,"Mexico City, Mexico"
Imports,Brouwerij Verharghe Duchesse de Bourgogne,Flanders Red Ale,6.2,"Belgium"
Imports,Estrella Galacia,Pale Lager,5.5,"A Coru√±a, Galicia (Spain)"
Imports,Flensburger,Pilsner,4.8,"Flensburg, Germany"
Imports,Guinness,Stout,4.2,"Dublin, Ireland"
Imports,Lindemans Framboise,Raspberry Lambic Beer,2.5,"Vlezenbeek, Belgium"
Imports,Modelo Especial,Pilsner-Style Lager,4.4,"Mexico"
Imports,Orval Trappist,Belgian Pale Ale,6.2,"Belgium"
Imports,Pacifico,Pilsner,4.4,"Mexico"
Imports,St. Bernardus Tokyo,Belgian Wit Ale,6.0,"Watou, Belgium"
Imports,Val-Dieu Winter Ale,Belgian Amber Ale,7.0,"Belgium"
Imports,Weihenstephaner Hefe-Weissbier,Hefeweizen,5.4,"Bavaria, Germany"
Locals,Everybody's Uncle Stepdad's,American Imperial Stout,10.8,"White Salmon, WA"
Locals,Georgetown Brewery Bodhizafa,India Pale Ale,6.9,"Seattle, WA"
Locals,Icicle Dark Persuasion,Dessert Stout,6.5,"Leavenworth, WA"
Locals,Stillwater Brewery Filson Classic,Northwest Lager,5,"Grand Mound, WA"
Locals,Trap Door Brewing D.R.E.A.M. (Death Rules Everything Around Me),Double IPA,8.2,"Vancouver, WA"
Locals,Urban Family Yacht Rocket,Passion Fruit and Toasted Coconut Sour,6.0,"Seattle, WA"
Ciders,Avid Cider Co. Dragonfruit,,6.0,"Bend, OR"
Ciders,Bellingham Cider Co. Imperial Guava,,8.5,"Bellingham, WA"
Ciders,Incline Prickly Pear,,6.9,"Tacoma, WA"
Ciders,Yonder Dry,,6.5,"Wenatchee, WA"
Ciders,Yonder Palisade Blackberry Sage,,6.5,"Wenatchee, WA"
Ciders,Yonder Vantage,,6.5,"Wenatchee, WA"
Non-Alcoholic,Athletic Upside Dawn,Golden Ale,0.5,"Milford, CT"
Non-Alcoholic,Athletic Run Wild,India Pale Ale,0.5,"Milford, CT"
Non-Alcoholic,Culture Shock Golden Griffin,Pineapple Mango Hops Kombucha,0,"Seattle, WA"
Non-Alcoholic,Culture Shock Last Unicorn,Blueberry Ginger Kombucha,0,"Seattle, WA"
Non-Alcoholic,Culture Shock Golden Griffin,Japaleno Mango Kombucha,0,"Seattle, WA"
Seltzers,High Noon Peach Vodka Seltzer,,4.5,"Modesto, CA"
Seltzers,Topo-Chico Strawberry Guava,,4.7,"Milwaukee, WI"
Seltzers,White Claw Hard Seltzer,"Available in Black Cherry, Mango, Peach, Ruby Grapefruit, or Watermelon.",5.0,"Glendale, AZ"
